{"nodes":{"node:1":{"location":{"x":-168,"y":-15}},"node:4":{"location":{"x":0,"y":0}}},"selection":null,"view":{"scroll":{"x":-425.566864013671875,"y":-126.703201293945312},"zoom":1.49999988079071045}}